OUTLET NAME;ACCOUNT CODE;SHOP CODE;MODEL NAME;8D CODE;
PT JPC Indonesia;SI-ICJ203;SI-ICJ203-00001;ILCE-QX1/BQ CE7;2438256;
PT JPC Indonesia;SI-ICJ203;SI-ICJ203-00001;HDR-AS20/BC E35;2437303;
PT JPC Indonesia;SI-ICJ203;SI-ICJ203-00001;HXR-MC2500;84351710;
PT JPC Indonesia;SI-ICJ203;SI-ICJ203-00001;HDR-AS200VR/WE35;2438803;
PT JPC Indonesia;SI-ICJ203;SI-ICJ203-00001;HDR-CX405;2439203;
PT JPC Indonesia;SI-ICJ203;SI-ICJ203-00001;HDR-PJ410/BCE35;2439503;
PT JPC Indonesia;SI-ICJ203;SI-ICJ203-00001;FDR-AX1E/BC CEE     ;2424253;
PT JPC Indonesia;SI-ICJ203;SI-ICJ203-00001;FDR-AX100/BCE23;2431763;
PT JPC Indonesia;SI-ICJ203;SI-ICJ203-00001;FDR-AX30/BC E35;2441403;
PT JPC Indonesia;SI-ICJ203;SI-ICJ203-00001;FDR-AXP35/BCE35;2441703;
PT JPC Indonesia;SI-ICJ203;SI-ICJ203-00001;FDR-X1000VR/WE35;2442503;
PT JPC Indonesia;SI-ICJ203;SI-ICJ203-00001;NEX-VG30EH/BE34;2413479;
PT JPC Indonesia;SI-ICJ203;SI-ICJ203-00001;NEX-VG900E/BE34;2411279;
PT JPC Indonesia;SI-ICJ203;SI-ICJ203-00001;DSC-H400/BC E32;80815610;
PT JPC Indonesia;SI-ICJ203;SI-ICJ203-00001;DSC-RX100 E32;80809110;
PT JPC Indonesia;SI-ICJ203;SI-ICJ203-00001;DSC-RX10 E32;80814310;
PT JPC Indonesia;SI-ICJ203;SI-ICJ203-00001;DSC-QX10/BC CE7;2426456;
PT JPC Indonesia;SI-ICJ203;SI-ICJ203-00001;DSC-QX30/BC CE7;2435356;
PT JPC Indonesia;SI-ICJ203;SI-ICJ203-00001;DSC-QX100/BCCE7;2426356;
PT JPC Indonesia;SI-ICJ203;SI-ICJ203-00001;DSC-RX100M2 E32;80814110;
PT JPC Indonesia;SI-ICJ203;SI-ICJ203-00001;DSC-RX100M3 E32;80816110;
PT JPC Indonesia;SI-ICJ203;SI-ICJ203-00001;DSC-RX100M4;80816710;
PT JPC Indonesia;SI-ICJ203;SI-ICJ203-00001;DSC-WX500/B;80816410;
PT JPC Indonesia;SI-ICJ203;SI-ICJ203-00001;DSC-WX500/W;80816470;
PT JPC Indonesia;SI-ICJ203;SI-ICJ203-00001;DSC-W810/BC, SF-8N4;80814610;
PT JPC Indonesia;SI-ICJ203;SI-ICJ203-00001;DSC-W810/SC, SF-8N4;80814670;
PT JPC Indonesia;SI-ICJ203;SI-ICJ203-00001;DSC-W830/SC E32;80815310;
PT JPC Indonesia;SI-ICJ203;SI-ICJ203-00001;DSC-W830/BC E32;80815370;
PT JPC Indonesia;SI-ICJ203;SI-ICJ203-00001;DSC-W830/VC E32;80815410;
PT JPC Indonesia;SI-ICJ203;SI-ICJ203-00001;DSC-WX220/BCE32;80815910;
PT JPC Indonesia;SI-ICJ203;SI-ICJ203-00001;DSC-WX220/PCE32;80815970;
PT JPC Indonesia;SI-ICJ203;SI-ICJ203-00001;DSC-WX220/NCE32;80815986;
PT JPC Indonesia;SI-ICJ203;SI-ICJ203-00001;DSC-WX350/BCE32;80814710;
PT JPC Indonesia;SI-ICJ203;SI-ICJ203-00001;DSC-WX350/WCE32;80814770;
PT JPC Indonesia;SI-ICJ203;SI-ICJ203-00001;HX90;80816610;
PT JPC Indonesia;SI-ICJ203;SI-ICJ203-00001;ILCE-3500J/BAP2;32827345;
PT JPC Indonesia;SI-ICJ203;SI-ICJ203-00001;ILCE-5000L/BAP2;32826540;
PT JPC Indonesia;SI-ICJ203;SI-ICJ203-00001;ILCE-5000L/WAP2;32826542;
PT JPC Indonesia;SI-ICJ203;SI-ICJ203-00001;ILCE-5100L/BAP2;32827640;
PT JPC Indonesia;SI-ICJ203;SI-ICJ203-00001;ILCE-5100L/WAP2;32827641;
PT JPC Indonesia;SI-ICJ203;SI-ICJ203-00001;ILCE-5100L/TAP2;32827642;
PT JPC Indonesia;SI-ICJ203;SI-ICJ203-00001;ILCE-6000/Black;32826740;
PT JPC Indonesia;SI-ICJ203;SI-ICJ203-00001;ILCE-6000L/Black;32826840;
PT JPC Indonesia;SI-ICJ203;SI-ICJ203-00001;ILCE-6000L/Silver;32826841;
PT JPC Indonesia;SI-ICJ203;SI-ICJ203-00001;ILCE-6000L/White;32826842;
PT JPC Indonesia;SI-ICJ203;SI-ICJ203-00001;ILCE-7/BQ   AP2;32826245;
PT JPC Indonesia;SI-ICJ203;SI-ICJ203-00001;ILCE-7M2/BQ AP2;32827840;
PT JPC Indonesia;SI-ICJ203;SI-ICJ203-00001;ILCE-7R/BQ  AP2;32826145;
PT JPC Indonesia;SI-ICJ203;SI-ICJ203-00001;ILCE-7RM2;31828040;
PT JPC Indonesia;SI-ICJ203;SI-ICJ203-00001;ILCE-7S/BQ  AP2;32827440;
PT JPC Indonesia;SI-ICJ203;SI-ICJ203-00001;SLT-A58K//Q AP2;84366545;
PT JPC Indonesia;SI-ICJ203;SI-ICJ203-00001;SEL1018//C  AE;32841450;
PT JPC Indonesia;SI-ICJ203;SI-ICJ203-00001;SEL35F18//C SYX;32841540;
PT JPC Indonesia;SI-ICJ203;SI-ICJ203-00001;SEL18200LE  SYX;32841740;
PT JPC Indonesia;SI-ICJ203;SI-ICJ203-00001;SEL24F18Z;32840550;
PT JPC Indonesia;SI-ICJ203;SI-ICJ203-00001;SEL30M35//C;32840450;
PT JPC Indonesia;SI-ICJ203;SI-ICJ203-00001;SEL55210//Q;32840350;
PT JPC Indonesia;SI-ICJ203;SI-ICJ203-00001;SEL55210/BQ AE;32844750;
PT JPC Indonesia;SI-ICJ203;SI-ICJ203-00001;SEL50F18    SYX;32840640;
PT JPC Indonesia;SI-ICJ203;SI-ICJ203-00001;SEL50F18/BC SYX;32844640;
PT JPC Indonesia;SI-ICJ203;SI-ICJ203-00001;SEL35F14;32844940;
PT JPC Indonesia;SI-ICJ203;SI-ICJ203-00001;SEL20F28;32841650;
PT JPC Indonesia;SI-ICJ203;SI-ICJ203-00001;SEL1670Z    AE;32841950;
PT JPC Indonesia;SI-ICJ203;SI-ICJ203-00001;SELP18105G;32844050;
PT JPC Indonesia;SI-ICJ203;SI-ICJ203-00001;SEL28F20//Q SYX;32845140;
PT JPC Indonesia;SI-ICJ203;SI-ICJ203-00001;SEL075UWC//QSYX;32845540;
PT JPC Indonesia;SI-ICJ203;SI-ICJ203-00001;SEL057FEC//QSYX;32845440;
PT JPC Indonesia;SI-ICJ203;SI-ICJ203-00001;SEL24240//C SYX;32845340;
PT JPC Indonesia;SI-ICJ203;SI-ICJ203-00001;SELP28135G  SYX;32845240;
PT JPC Indonesia;SI-ICJ203;SI-ICJ203-00001;SEL16F28;32840850;
PT JPC Indonesia;SI-ICJ203;SI-ICJ203-00001;SEL1635Z//Q SYX;32844840;
PT JPC Indonesia;SI-ICJ203;SI-ICJ203-00001;SEL70200G;32844550;
PT JPC Indonesia;SI-ICJ203;SI-ICJ203-00001;SEL2470Z;32844350;
PT JPC Indonesia;SI-ICJ203;SI-ICJ203-00001;SEL35F28Z;32844150;
PT JPC Indonesia;SI-ICJ203;SI-ICJ203-00001;SEL90M28;32842040;
PT JPC Indonesia;SI-ICJ203;SI-ICJ203-00001;SEL55F18Z;32844250;
PT JPC Indonesia;SI-ICJ203;SI-ICJ203-00001;ILCE-7SM2 ;32828340;
PT JPC Indonesia;SI-ICJ203;SI-ICJ203-00001;DSC-RX1RM2;80816910;
PT JPC Indonesia;SI-ICJ203;SI-ICJ203-00001;SEL 24-70mm F2.8 GM;32845640;
PT JPC Indonesia;SI-ICJ203;SI-ICJ203-00001;ILCE-6300/B;32828140;
PT JPC Indonesia;SI-ICJ203;SI-ICJ203-00001;ILCE-6300L/BAP;32828240;
PT JPC Indonesia;SI-ICJ203;SI-ICJ203-00001;SEL85F14GM/QSYX;32845740;
PT JPC Indonesia;SI-ICJ203;SI-ICJ203-00001;SEL50F18 F;32846040;
;;;;;
;;;;;
;;;;;
;;;;;
;;;;;
;;;;;
;;;;;
;;;;;
;;;;;
;;;;;
;;;;;
;;;;;
;;;;;
;;;;;
;;;;;
;;;;;
;;;;;
;;;;;
;;;;;
;;;;;
;;;;;
;;;;;
;;;;;
;;;;;
;;;;;
;;;;;
;;;;;
;;;;;
;;;;;
;;;;;
;;;;;
;;;;;
;;;;;
;;;;;
;;;;;
;;;;;
;;;;;
;;;;;
;;;;;
;;;;;
;;;;;
;;;;;
;;;;;
;;;;;
;;;;;
;;;;;
;;;;;
;;;;;
;;;;;
;;;;;
;;;;;
;;;;;
;;;;;
;;;;;
;;;;;
;;;;;
;;;;;
;;;;;
;;;;;
;;;;;
;;;;;
;;;;;
;;;;;
;;;;;
;;;;;
;;;;;
;;;;;
;;;;;
;;;;;
;;;;;
;;;;;
;;;;;
;;;;;
;;;;;
;;;;;
;;;;;
;;;;;
;;;;;
;;;;;
;;;;;
;;;;;
;;;;;
;;;;;
;;;;;
;;;;;
;;;;;
;;;;;
;;;;;
;;;;;
;;;;;
;;;;;
;;;;;
;;;;;
;;;;;
;;;;;
;;;;;
;;;;;
;;;;;
;;;;;
;;;;;
;;;;;
;;;;;
;;;;;
;;;;;
;;;;;
;;;;;
;;;;;
;;;;;
;;;;;
;;;;;
;;;;;
;;;;;
;;;;;
;;;;;
;;;;;
;;;;;
;;;;;
;;;;;
;;;;;
;;;;;
;;;;;
;;;;;
;;;;;
;;;;;
;;;;;
;;;;;
;;;;;
;;;;;
;;;;;
;;;;;
;;;;;
;;;;;
;;;;;
;;;;;
;;;;;
;;;;;
;;;;;
;;;;;
;;;;;
;;;;;
;;;;;
;;;;;
;;;;;
;;;;;
;;;;;
;;;;;
;;;;;
;;;;;
;;;;;
;;;;;
;;;;;
;;;;;
;;;;;
;;;;;
;;;;;
;;;;;
;;;;;
;;;;;
;;;;;
;;;;;
;;;;;
;;;;;
;;;;;
;;;;;
;;;;;
;;;;;
;;;;;
;;;;;
;;;;;
;;;;;
;;;;;
;;;;;
;;;;;
;;;;;
;;;;;
;;;;;
;;;;;
;;;;;
;;;;;
;;;;;
;;;;;
;;;;;
;;;;;
;;;;;
;;;;;
;;;;;
;;;;;
;;;;;
;;;;;
;;;;;
;;;;;
;;;;;
;;;;;
;;;;;
;;;;;
;;;;;
;;;;;
;;;;;
;;;;;
;;;;;
;;;;;
;;;;;
;;;;;
;;;;;
;;;;;
;;;;;
;;;;;
;;;;;
;;;;;
;;;;;
;;;;;
;;;;;
;;;;;
;;;;;
;;;;;
;;;;;
;;;;;
;;;;;
;;;;;
;;;;;
;;;;;
;;;;;
;;;;;
;;;;;
;;;;;
;;;;;
;;;;;
;;;;;
;;;;;
;;;;;
;;;;;
;;;;;
;;;;;
;;;;;
;;;;;
;;;;;
;;;;;
;;;;;
;;;;;
;;;;;
;;;;;
;;;;;
;;;;;
;;;;;
;;;;;
;;;;;
;;;;;
;;;;;
;;;;;
;;;;;
;;;;;
;;;;;
;;;;;
;;;;;
;;;;;
;;;;;
;;;;;
;;;;;
;;;;;
;;;;;
;;;;;
;;;;;
;;;;;
;;;;;
;;;;;
;;;;;
;;;;;
;;;;;
;;;;;
;;;;;
;;;;;
;;;;;
;;;;;
;;;;;
;;;;;
;;;;;
;;;;;
;;;;;
;;;;;
;;;;;
;;;;;
;;;;;
;;;;;
;;;;;
;;;;;
;;;;;
;;;;;
;;;;;
;;;;;
;;;;;
;;;;;
;;;;;
;;;;;
;;;;;
;;;;;
;;;;;
;;;;;
;;;;;
;;;;;
;;;;;
;;;;;
;;;;;
;;;;;
;;;;;
;;;;;
;;;;;
;;;;;
;;;;;
;;;;;
;;;;;
;;;;;
;;;;;
;;;;;
;;;;;
;;;;;
;;;;;
;;;;;
;;;;;
;;;;;
;;;;;
;;;;;
;;;;;
;;;;;
;;;;;
;;;;;
;;;;;
;;;;;
;;;;;
;;;;;
;;;;;
;;;;;
;;;;;
;;;;;
;;;;;
;;;;;
;;;;;
;;;;;
;;;;;
;;;;;
;;;;;
;;;;;
;;;;;
;;;;;
;;;;;
;;;;;
;;;;;
;;;;;
;;;;;
;;;;;
;;;;;
;;;;;
;;;;;
;;;;;
;;;;;
;;;;;
;;;;;
;;;;;
;;;;;
;;;;;
;;;;;
;;;;;
;;;;;
;;;;;
;;;;;
;;;;;
;;;;;
;;;;;
;;;;;
;;;;;
;;;;;
;;;;;
;;;;;
;;;;;
;;;;;
;;;;;
;;;;;
;;;;;
;;;;;
;;;;;
;;;;;
;;;;;
;;;;;
;;;;;
;;;;;
;;;;;
;;;;;
;;;;;
;;;;;
;;;;;
;;;;;
;;;;;
;;;;;
;;;;;
;;;;;
;;;;;
;;;;;
;;;;;
;;;;;
;;;;;
;;;;;
;;;;;
;;;;;
;;;;;
;;;;;
;;;;;
;;;;;
;;;;;
;;;;;
;;;;;
;;;;;
;;;;;
;;;;;
;;;;;
;;;;;
;;;;;
;;;;;
;;;;;
;;;;;
;;;;;
;;;;;
;;;;;
;;;;;
;;;;;
;;;;;
;;;;;
;;;;;
;;;;;
;;;;;
;;;;;
;;;;;
;;;;;
;;;;;
;;;;;
;;;;;
;;;;;
;;;;;
;;;;;
;;;;;
;;;;;
;;;;;
;;;;;
;;;;;
;;;;;
;;;;;
;;;;;
;;;;;
;;;;;
;;;;;
;;;;;
;;;;;
;;;;;
;;;;;
;;;;;
;;;;;
;;;;;
;;;;;
;;;;;
;;;;;
;;;;;
;;;;;
;;;;;
;;;;;
;;;;;
;;;;;
;;;;;
;;;;;
;;;;;
;;;;;
;;;;;
;;;;;
;;;;;
;;;;;
;;;;;
;;;;;
;;;;;
;;;;;
;;;;;
;;;;;
;;;;;
;;;;;
;;;;;
;;;;;
;;;;;
;;;;;
;;;;;
;;;;;
;;;;;
;;;;;
;;;;;
;;;;;
;;;;;
;;;;;
;;;;;
;;;;;
;;;;;
;;;;;
;;;;;
;;;;;
;;;;;
;;;;;
;;;;;
;;;;;
;;;;;
;;;;;
;;;;;
;;;;;
;;;;;
;;;;;
;;;;;
;;;;;
;;;;;
;;;;;
;;;;;
;;;;;
;;;;;
;;;;;
;;;;;
;;;;;
;;;;;
;;;;;
;;;;;
;;;;;
;;;;;
;;;;;
;;;;;
;;;;;
;;;;;
;;;;;
;;;;;
;;;;;
;;;;;
;;;;;
;;;;;
;;;;;
;;;;;
;;;;;
;;;;;
;;;;;
;;;;;
;;;;;
;;;;;
;;;;;
;;;;;
;;;;;
;;;;;
;;;;;
;;;;;
;;;;;
;;;;;
;;;;;
;;;;;
;;;;;
;;;;;
;;;;;
;;;;;
;;;;;
;;;;;
;;;;;
;;;;;
;;;;;
;;;;;
;;;;;
;;;;;
;;;;;
;;;;;
;;;;;
;;;;;
;;;;;
;;;;;
;;;;;
;;;;;
;;;;;
;;;;;
;;;;;
;;;;;
;;;;;
;;;;;
;;;;;
;;;;;
;;;;;
;;;;;
;;;;;
;;;;;
;;;;;
;;;;;
;;;;;
;;;;;
;;;;;
;;;;;
;;;;;
;;;;;
;;;;;
;;;;;
;;;;;
;;;;;
;;;;;
;;;;;
;;;;;
;;;;;
;;;;;
;;;;;
;;;;;
;;;;;
;;;;;
;;;;;
;;;;;
;;;;;
;;;;;
;;;;;
;;;;;
;;;;;
;;;;;
;;;;;
;;;;;
;;;;;
;;;;;
;;;;;
;;;;;
;;;;;
;;;;;
;;;;;
;;;;;
;;;;;
;;;;;
;;;;;
;;;;;
;;;;;
;;;;;
;;;;;
;;;;;
;;;;;
;;;;;
;;;;;
;;;;;
;;;;;
;;;;;
;;;;;
;;;;;
;;;;;
;;;;;
;;;;;
;;;;;
;;;;;
;;;;;
;;;;;
;;;;;
;;;;;
;;;;;
;;;;;
;;;;;
;;;;;
;;;;;
;;;;;
;;;;;
;;;;;
;;;;;
;;;;;
;;;;;
;;;;;
;;;;;
;;;;;
;;;;;
;;;;;
;;;;;
;;;;;
;;;;;
;;;;;
;;;;;
;;;;;
;;;;;
;;;;;
;;;;;
;;;;;
;;;;;
;;;;;
;;;;;
;;;;;
;;;;;
;;;;;
;;;;;
;;;;;
;;;;;
;;;;;
;;;;;
;;;;;
;;;;;
;;;;;
;;;;;
;;;;;
;;;;;
;;;;;
;;;;;
;;;;;
;;;;;
;;;;;
;;;;;
;;;;;
;;;;;
;;;;;
;;;;;
;;;;;
;;;;;
;;;;;
;;;;;
;;;;;
;;;;;
;;;;;
;;;;;
;;;;;
;;;;;
;;;;;
;;;;;
;;;;;
;;;;;
;;;;;
;;;;;
;;;;;
;;;;;
;;;;;
;;;;;
;;;;;
;;;;;
;;;;;
;;;;;
;;;;;
;;;;;
;;;;;
;;;;;
;;;;;
;;;;;
;;;;;
;;;;;
;;;;;
;;;;;
;;;;;
;;;;;
;;;;;
;;;;;
;;;;;
;;;;;
;;;;;
;;;;;
;;;;;
;;;;;
;;;;;
;;;;;
;;;;;
;;;;;
;;;;;
;;;;;
;;;;;
;;;;;
;;;;;
;;;;;
;;;;;
;;;;;
;;;;;
;;;;;
;;;;;
;;;;;
;;;;;
;;;;;
;;;;;
;;;;;
;;;;;
;;;;;
;;;;;
;;;;;
;;;;;
;;;;;
;;;;;
;;;;;
;;;;;
;;;;;
;;;;;
;;;;;
;;;;;
;;;;;
;;;;;
;;;;;
;;;;;
;;;;;
;;;;;
;;;;;
;;;;;
;;;;;
;;;;;
;;;;;
;;;;;
;;;;;
;;;;;
;;;;;
;;;;;
;;;;;
;;;;;
;;;;;
;;;;;
;;;;;
;;;;;
;;;;;
;;;;;
;;;;;
;;;;;
;;;;;
;;;;;
;;;;;
;;;;;
;;;;;
;;;;;
;;;;;
;;;;;
;;;;;
;;;;;
;;;;;
;;;;;
;;;;;
;;;;;
;;;;;
;;;;;
;;;;;
;;;;;
;;;;;
;;;;;
;;;;;
;;;;;
;;;;;
;;;;;
;;;;;
;;;;;
;;;;;
;;;;;
;;;;;
;;;;;
;;;;;
;;;;;
;;;;;
;;;;;
;;;;;
;;;;;
;;;;;
;;;;;
;;;;;
;;;;;
;;;;;
;;;;;
;;;;;
;;;;;
;;;;;
;;;;;
;;;;;
;;;;;
;;;;;
;;;;;
;;;;;
;;;;;
;;;;;
;;;;;
;;;;;
;;;;;
;;;;;
;;;;;
;;;;;
;;;;;
;;;;;
;;;;;
;;;;;
;;;;;
;;;;;
;;;;;
;;;;;
;;;;;
;;;;;
;;;;;
;;;;;
;;;;;
;;;;;
;;;;;
;;;;;
;;;;;
;;;;;
;;;;;
;;;;;
;;;;;
;;;;;
;;;;;
;;;;;
;;;;;
;;;;;
;;;;;
;;;;;
;;;;;
;;;;;
;;;;;
;;;;;
;;;;;
;;;;;
;;;;;
;;;;;
;;;;;
;;;;;
;;;;;
;;;;;
;;;;;
;;;;;
;;;;;
;;;;;
;;;;;
;;;;;
;;;;;
;;;;;
;;;;;
;;;;;
;;;;;
;;;;;
;;;;;
;;;;;
;;;;;
;;;;;
;;;;;
;;;;;
;;;;;
;;;;;
;;;;;
;;;;;
;;;;;
;;;;;
;;;;;
;;;;;
;;;;;
;;;;;
;;;;;
;;;;;
;;;;;
;;;;;
;;;;;
;;;;;
;;;;;
;;;;;
;;;;;
;;;;;
;;;;;
;;;;;
;;;;;
;;;;;
;;;;;
;;;;;
;;;;;
;;;;;
;;;;;
;;;;;
;;;;;
;;;;;
;;;;;
;;;;;
;;;;;
;;;;;
;;;;;
;;;;;
;;;;;
;;;;;
;;;;;
;;;;;
;;;;;
;;;;;
;;;;;
;;;;;
;;;;;
;;;;;
;;;;;
;;;;;
;;;;;
;;;;;
;;;;;
;;;;;
;;;;;
;;;;;
;;;;;
;;;;;
;;;;;
;;;;;
;;;;;
;;;;;
;;;;;
;;;;;
;;;;;
;;;;;
;;;;;
;;;;;
;;;;;
;;;;;
;;;;;
;;;;;
;;;;;
;;;;;
;;;;;
;;;;;
;;;;;
;;;;;
;;;;;
;;;;;
;;;;;
;;;;;
;;;;;
;;;;;
;;;;;
;;;;;
;;;;;
;;;;;
;;;;;
;;;;;
;;;;;
;;;;;
;;;;;
;;;;;
;;;;;
;;;;;
;;;;;
;;;;;
;;;;;
;;;;;
;;;;;
;;;;;
;;;;;
;;;;;
;;;;;
;;;;;
;;;;;
;;;;;
;;;;;
;;;;;
;;;;;
;;;;;
;;;;;
;;;;;
;;;;;
;;;;;
;;;;;
;;;;;
;;;;;
;;;;;
;;;;;
;;;;;
;;;;;
;;;;;
;;;;;
;;;;;
;;;;;
;;;;;
;;;;;
;;;;;
;;;;;
;;;;;
;;;;;
;;;;;
;;;;;
;;;;;
;;;;;
;;;;;
;;;;;
;;;;;
;;;;;
;;;;;
;;;;;
;;;;;
;;;;;
;;;;;
;;;;;
;;;;;
;;;;;
;;;;;
;;;;;
;;;;;
;;;;;
;;;;;
;;;;;
;;;;;
;;;;;
;;;;;
;;;;;
;;;;;
;;;;;
;;;;;
;;;;;
;;;;;
;;;;;
;;;;;
;;;;;
;;;;;
;;;;;
;;;;;
;;;;;
;;;;;
;;;;;
;;;;;
;;;;;
;;;;;
;;;;;
;;;;;
;;;;;
;;;;;
;;;;;
;;;;;
;;;;;
;;;;;
;;;;;
;;;;;
;;;;;
;;;;;
;;;;;
;;;;;
;;;;;
;;;;;
;;;;;
;;;;;
;;;;;
;;;;;
;;;;;
;;;;;
;;;;;
;;;;;
;;;;;
;;;;;
;;;;;
;;;;;
;;;;;
;;;;;
;;;;;
;;;;;
;;;;;
;;;;;
;;;;;
;;;;;
;;;;;
;;;;;
;;;;;
;;;;;
;;;;;
;;;;;
;;;;;
;;;;;
;;;;;
;;;;;
;;;;;
;;;;;
;;;;;
;;;;;
;;;;;
;;;;;
;;;;;
;;;;;
;;;;;
;;;;;
;;;;;
;;;;;
;;;;;
;;;;;
;;;;;
;;;;;
;;;;;
;;;;;
;;;;;
;;;;;
;;;;;
;;;;;
;;;;;
;;;;;
;;;;;
;;;;;
;;;;;
;;;;;
;;;;;
;;;;;
;;;;;
;;;;;
;;;;;
;;;;;
;;;;;
;;;;;
;;;;;
;;;;;
;;;;;
;;;;;
;;;;;
;;;;;
;;;;;
;;;;;
;;;;;
;;;;;
;;;;;
;;;;;
;;;;;
;;;;;
;;;;;
;;;;;
;;;;;
;;;;;
;;;;;
;;;;;
;;;;;
;;;;;
;;;;;
;;;;;
;;;;;
;;;;;
;;;;;
;;;;;
;;;;;
;;;;;
;;;;;
;;;;;
;;;;;
;;;;;
;;;;;
;;;;;
;;;;;
;;;;;
;;;;;